--
-- PostgreSQL database cluster dump
--

-- Started on 2024-03-01 19:58:53

SET default_transaction_read_only = off;

SET client_encoding = 'UTF8';
SET standard_conforming_strings = on;

--
-- Roles
--

CREATE ROLE postgres;
ALTER ROLE postgres WITH SUPERUSER INHERIT CREATEROLE CREATEDB LOGIN REPLICATION BYPASSRLS;

--
-- User Configurations
--








--
-- Databases
--

--
-- Database "template1" dump
--

\connect template1

--
-- PostgreSQL database dump
--

-- Dumped from database version 16.1
-- Dumped by pg_dump version 16.1

-- Started on 2024-03-01 19:58:53

SET statement_timeout = 0;
SET lock_timeout = 0;
SET idle_in_transaction_session_timeout = 0;
SET client_encoding = 'UTF8';
SET standard_conforming_strings = on;
SELECT pg_catalog.set_config('search_path', '', false);
SET check_function_bodies = false;
SET xmloption = content;
SET client_min_messages = warning;
SET row_security = off;

-- Completed on 2024-03-01 19:58:53

--
-- PostgreSQL database dump complete
--

--
-- Database "lms" dump
--

--
-- PostgreSQL database dump
--

-- Dumped from database version 16.1
-- Dumped by pg_dump version 16.1

-- Started on 2024-03-01 19:58:53

SET statement_timeout = 0;
SET lock_timeout = 0;
SET idle_in_transaction_session_timeout = 0;
SET client_encoding = 'UTF8';
SET standard_conforming_strings = on;
SELECT pg_catalog.set_config('search_path', '', false);
SET check_function_bodies = false;
SET xmloption = content;
SET client_min_messages = warning;
SET row_security = off;

--
-- TOC entry 4970 (class 1262 OID 42602)
-- Name: lms; Type: DATABASE; Schema: -; Owner: postgres
--

CREATE DATABASE lms WITH TEMPLATE = template0 ENCODING = 'UTF8' LOCALE_PROVIDER = libc LOCALE = 'English_United States.1252';


ALTER DATABASE lms OWNER TO postgres;

\connect lms

SET statement_timeout = 0;
SET lock_timeout = 0;
SET idle_in_transaction_session_timeout = 0;
SET client_encoding = 'UTF8';
SET standard_conforming_strings = on;
SELECT pg_catalog.set_config('search_path', '', false);
SET check_function_bodies = false;
SET xmloption = content;
SET client_min_messages = warning;
SET row_security = off;

SET default_tablespace = '';

SET default_table_access_method = heap;

--
-- TOC entry 223 (class 1259 OID 42635)
-- Name: Resources; Type: TABLE; Schema: public; Owner: postgres
--

CREATE TABLE public."Resources" (
    resource_id integer NOT NULL,
    name character varying(100) NOT NULL,
    description character varying(500) NOT NULL,
    resource_image character varying(100),
    resource_file character varying(100),
    created_at timestamp with time zone NOT NULL
);


ALTER TABLE public."Resources" OWNER TO postgres;

--
-- TOC entry 222 (class 1259 OID 42634)
-- Name: Resources_resource_id_seq; Type: SEQUENCE; Schema: public; Owner: postgres
--

ALTER TABLE public."Resources" ALTER COLUMN resource_id ADD GENERATED BY DEFAULT AS IDENTITY (
    SEQUENCE NAME public."Resources_resource_id_seq"
    START WITH 1
    INCREMENT BY 1
    NO MINVALUE
    NO MAXVALUE
    CACHE 1
);


--
-- TOC entry 225 (class 1259 OID 42643)
-- Name: Resources_tags; Type: TABLE; Schema: public; Owner: postgres
--

CREATE TABLE public."Resources_tags" (
    id bigint NOT NULL,
    resources_id integer NOT NULL,
    tags_id integer NOT NULL
);


ALTER TABLE public."Resources_tags" OWNER TO postgres;

--
-- TOC entry 224 (class 1259 OID 42642)
-- Name: Resources_tags_id_seq; Type: SEQUENCE; Schema: public; Owner: postgres
--

ALTER TABLE public."Resources_tags" ALTER COLUMN id ADD GENERATED BY DEFAULT AS IDENTITY (
    SEQUENCE NAME public."Resources_tags_id_seq"
    START WITH 1
    INCREMENT BY 1
    NO MINVALUE
    NO MAXVALUE
    CACHE 1
);


--
-- TOC entry 221 (class 1259 OID 42629)
-- Name: Tags; Type: TABLE; Schema: public; Owner: postgres
--

CREATE TABLE public."Tags" (
    tag_id integer NOT NULL,
    tag_name character varying(100) NOT NULL
);


ALTER TABLE public."Tags" OWNER TO postgres;

--
-- TOC entry 220 (class 1259 OID 42628)
-- Name: Tags_tag_id_seq; Type: SEQUENCE; Schema: public; Owner: postgres
--

ALTER TABLE public."Tags" ALTER COLUMN tag_id ADD GENERATED BY DEFAULT AS IDENTITY (
    SEQUENCE NAME public."Tags_tag_id_seq"
    START WITH 1
    INCREMENT BY 1
    NO MINVALUE
    NO MAXVALUE
    CACHE 1
);


--
-- TOC entry 227 (class 1259 OID 42649)
-- Name: UserResourceInteraction; Type: TABLE; Schema: public; Owner: postgres
--

CREATE TABLE public."UserResourceInteraction" (
    id bigint NOT NULL,
    rating double precision NOT NULL,
    resource_id integer NOT NULL,
    user_id integer NOT NULL
);


ALTER TABLE public."UserResourceInteraction" OWNER TO postgres;

--
-- TOC entry 226 (class 1259 OID 42648)
-- Name: UserResourceInteraction_id_seq; Type: SEQUENCE; Schema: public; Owner: postgres
--

ALTER TABLE public."UserResourceInteraction" ALTER COLUMN id ADD GENERATED BY DEFAULT AS IDENTITY (
    SEQUENCE NAME public."UserResourceInteraction_id_seq"
    START WITH 1
    INCREMENT BY 1
    NO MINVALUE
    NO MAXVALUE
    CACHE 1
);


--
-- TOC entry 233 (class 1259 OID 42709)
-- Name: auth_group; Type: TABLE; Schema: public; Owner: postgres
--

CREATE TABLE public.auth_group (
    id integer NOT NULL,
    name character varying(150) NOT NULL
);


ALTER TABLE public.auth_group OWNER TO postgres;

--
-- TOC entry 232 (class 1259 OID 42708)
-- Name: auth_group_id_seq; Type: SEQUENCE; Schema: public; Owner: postgres
--

ALTER TABLE public.auth_group ALTER COLUMN id ADD GENERATED BY DEFAULT AS IDENTITY (
    SEQUENCE NAME public.auth_group_id_seq
    START WITH 1
    INCREMENT BY 1
    NO MINVALUE
    NO MAXVALUE
    CACHE 1
);


--
-- TOC entry 235 (class 1259 OID 42717)
-- Name: auth_group_permissions; Type: TABLE; Schema: public; Owner: postgres
--

CREATE TABLE public.auth_group_permissions (
    id bigint NOT NULL,
    group_id integer NOT NULL,
    permission_id integer NOT NULL
);


ALTER TABLE public.auth_group_permissions OWNER TO postgres;

--
-- TOC entry 234 (class 1259 OID 42716)
-- Name: auth_group_permissions_id_seq; Type: SEQUENCE; Schema: public; Owner: postgres
--

ALTER TABLE public.auth_group_permissions ALTER COLUMN id ADD GENERATED BY DEFAULT AS IDENTITY (
    SEQUENCE NAME public.auth_group_permissions_id_seq
    START WITH 1
    INCREMENT BY 1
    NO MINVALUE
    NO MAXVALUE
    CACHE 1
);


--
-- TOC entry 231 (class 1259 OID 42703)
-- Name: auth_permission; Type: TABLE; Schema: public; Owner: postgres
--

CREATE TABLE public.auth_permission (
    id integer NOT NULL,
    name character varying(255) NOT NULL,
    content_type_id integer NOT NULL,
    codename character varying(100) NOT NULL
);


ALTER TABLE public.auth_permission OWNER TO postgres;

--
-- TOC entry 230 (class 1259 OID 42702)
-- Name: auth_permission_id_seq; Type: SEQUENCE; Schema: public; Owner: postgres
--

ALTER TABLE public.auth_permission ALTER COLUMN id ADD GENERATED BY DEFAULT AS IDENTITY (
    SEQUENCE NAME public.auth_permission_id_seq
    START WITH 1
    INCREMENT BY 1
    NO MINVALUE
    NO MAXVALUE
    CACHE 1
);


--
-- TOC entry 229 (class 1259 OID 42682)
-- Name: django_admin_log; Type: TABLE; Schema: public; Owner: postgres
--

CREATE TABLE public.django_admin_log (
    id integer NOT NULL,
    action_time timestamp with time zone NOT NULL,
    object_id text,
    object_repr character varying(200) NOT NULL,
    action_flag smallint NOT NULL,
    change_message text NOT NULL,
    content_type_id integer,
    user_id integer NOT NULL,
    CONSTRAINT django_admin_log_action_flag_check CHECK ((action_flag >= 0))
);


ALTER TABLE public.django_admin_log OWNER TO postgres;

--
-- TOC entry 228 (class 1259 OID 42681)
-- Name: django_admin_log_id_seq; Type: SEQUENCE; Schema: public; Owner: postgres
--

ALTER TABLE public.django_admin_log ALTER COLUMN id ADD GENERATED BY DEFAULT AS IDENTITY (
    SEQUENCE NAME public.django_admin_log_id_seq
    START WITH 1
    INCREMENT BY 1
    NO MINVALUE
    NO MAXVALUE
    CACHE 1
);


--
-- TOC entry 218 (class 1259 OID 42612)
-- Name: django_content_type; Type: TABLE; Schema: public; Owner: postgres
--

CREATE TABLE public.django_content_type (
    id integer NOT NULL,
    app_label character varying(100) NOT NULL,
    model character varying(100) NOT NULL
);


ALTER TABLE public.django_content_type OWNER TO postgres;

--
-- TOC entry 217 (class 1259 OID 42611)
-- Name: django_content_type_id_seq; Type: SEQUENCE; Schema: public; Owner: postgres
--

ALTER TABLE public.django_content_type ALTER COLUMN id ADD GENERATED BY DEFAULT AS IDENTITY (
    SEQUENCE NAME public.django_content_type_id_seq
    START WITH 1
    INCREMENT BY 1
    NO MINVALUE
    NO MAXVALUE
    CACHE 1
);


--
-- TOC entry 216 (class 1259 OID 42604)
-- Name: django_migrations; Type: TABLE; Schema: public; Owner: postgres
--

CREATE TABLE public.django_migrations (
    id bigint NOT NULL,
    app character varying(255) NOT NULL,
    name character varying(255) NOT NULL,
    applied timestamp with time zone NOT NULL
);


ALTER TABLE public.django_migrations OWNER TO postgres;

--
-- TOC entry 215 (class 1259 OID 42603)
-- Name: django_migrations_id_seq; Type: SEQUENCE; Schema: public; Owner: postgres
--

ALTER TABLE public.django_migrations ALTER COLUMN id ADD GENERATED BY DEFAULT AS IDENTITY (
    SEQUENCE NAME public.django_migrations_id_seq
    START WITH 1
    INCREMENT BY 1
    NO MINVALUE
    NO MAXVALUE
    CACHE 1
);


--
-- TOC entry 236 (class 1259 OID 42748)
-- Name: django_session; Type: TABLE; Schema: public; Owner: postgres
--

CREATE TABLE public.django_session (
    session_key character varying(40) NOT NULL,
    session_data text NOT NULL,
    expire_date timestamp with time zone NOT NULL
);


ALTER TABLE public.django_session OWNER TO postgres;

--
-- TOC entry 219 (class 1259 OID 42619)
-- Name: users; Type: TABLE; Schema: public; Owner: postgres
--

CREATE TABLE public.users (
    id integer NOT NULL,
    password character varying(255) NOT NULL,
    date_joined timestamp with time zone NOT NULL,
    last_login timestamp with time zone NOT NULL,
    email character varying(254) NOT NULL,
    first_name character varying(50) NOT NULL,
    last_name character varying(50) NOT NULL,
    age integer NOT NULL,
    address character varying(100) NOT NULL,
    phone_number integer NOT NULL,
    is_active boolean NOT NULL,
    is_admin boolean NOT NULL,
    is_staff boolean NOT NULL,
    profile_pic character varying(100) NOT NULL
);


ALTER TABLE public.users OWNER TO postgres;

--
-- TOC entry 4951 (class 0 OID 42635)
-- Dependencies: 223
-- Data for Name: Resources; Type: TABLE DATA; Schema: public; Owner: postgres
--

COPY public."Resources" (resource_id, name, description, resource_image, resource_file, created_at) FROM stdin;
2	Introduction to Computer Science	An introductory course covering the fundamentals of computer science.			2024-03-01 13:51:38.763173+05:45
3	Computer Networking Fundamentals	Fundamental concepts of computer networking including protocols, architectures, and network design.			2024-03-01 13:51:38.763173+05:45
4	Web Development Basics	Basic concepts and principles of web development including HTML, CSS, and JavaScript.			2024-03-01 13:51:38.763173+05:45
5	Deep Learning Fundamentals	Fundamental principles and techniques of deep learning including neural networks and optimization algorithms.			2024-03-01 13:51:38.763173+05:45
6	Computer Security Fundamentals	Fundamental concepts of computer security including encryption, authentication, and access control.			2024-03-01 13:51:38.763173+05:45
7	Natural Language Processing	Introduction to natural language processing techniques and applications.			2024-03-01 13:51:38.763173+05:45
8	Database Management Systems	Overview of database management systems including relational databases, SQL, and NoSQL technologies.			2024-03-01 13:51:38.763173+05:45
35	Operating Systems	Overview of operating system concepts, architecture, and functionality.			2024-03-01 13:51:38.763173+05:45
10	Quantum Computing Basics	Fundamental principles of quantum computing including qubits, quantum gates, and quantum algorithms.			2024-03-01 13:51:38.763173+05:45
11	Mobile App Development	Introduction to mobile app development for iOS and Android platforms using native and cross-platform frameworks.			2024-03-01 13:51:38.763173+05:45
12	Ethical Hacking Techniques	Overview of ethical hacking techniques and methodologies for assessing and securing computer systems.			2024-03-01 13:51:38.763173+05:45
13	Advanced Computer Science	Advanced topics in computer science including algorithms, data structures, and computational theory.			2024-03-01 13:51:38.763173+05:45
14	Advanced Computer Networking	Advanced concepts in computer networking such as network protocols, routing algorithms, and network security.			2024-03-01 13:51:38.763173+05:45
15	Advanced Web Development	Advanced techniques in web development including server-side scripting, web frameworks, and API design.			2024-03-01 13:51:38.763173+05:45
38	Deep Reinforcement Learning	Advanced machine learning technique for training agents to make decisions in complex environments.			2024-03-01 13:51:38.763173+05:45
34	Network Security Management	Management strategies and best practices for securing computer networks.			2024-03-01 13:51:38.763173+05:45
37	Responsive Web Design	Techniques and best practices for designing websites that adapt to different devices and screen sizes.			2024-03-01 13:51:38.763173+05:45
9	Robotics and Automation	Introduction to robotics and automation technologies, including robot design, control systems, and applications.			2024-03-01 13:51:38.763173+05:45
36	Cloud Networking	Introduction to cloud networking technologies including virtualization, software-defined networking, and cloud security.			2024-03-01 13:51:38.763173+05:45
16	Advanced Deep Learning	Advanced topics in deep learning including convolutional neural networks, recurrent neural networks, and deep reinforcement learning.			2024-03-01 13:51:38.763173+05:45
24	Data Structures and Algorithms	Fundamental data structures and algorithms for organizing and processing data efficiently.			2024-03-01 13:51:38.763173+05:45
33	Cross-Platform Mobile App Development	Development of mobile applications that run on multiple platforms using cross-platform frameworks.			2024-03-01 13:51:38.763173+05:45
25	Network Security	Principles and practices of network security including encryption, authentication, and intrusion detection.			2024-03-01 13:51:38.763173+05:45
26	Full Stack Web Development	Comprehensive overview of full-stack web development including frontend frameworks, backend technologies, and databases.			2024-03-01 13:51:38.763173+05:45
30	Data Warehousing and Business Intelligence	Concepts and techniques for building data warehouses and performing business intelligence analysis.			2024-03-01 13:51:38.763173+05:45
29	Text Analytics	Methods and techniques for analyzing and extracting insights from unstructured text data.	upload/resource_image/default_book.png		2024-03-01 13:51:38.763173+05:45
27	Machine Learning	Introduction to machine learning algorithms, techniques, and applications.			2024-03-01 13:51:38.763173+05:45
28	Information Security	Overview of information security principles, practices, and technologies.			2024-03-01 13:51:38.763173+05:45
\.


--
-- TOC entry 4953 (class 0 OID 42643)
-- Dependencies: 225
-- Data for Name: Resources_tags; Type: TABLE DATA; Schema: public; Owner: postgres
--

COPY public."Resources_tags" (id, resources_id, tags_id) FROM stdin;
3	2	1
4	2	2
5	2	3
6	3	2
7	3	4
8	3	5
9	3	6
10	4	6
11	4	7
12	4	8
13	4	9
14	4	10
15	4	11
16	4	12
17	5	2
18	5	13
19	5	14
20	5	15
21	5	16
22	6	6
23	6	17
24	6	18
25	6	19
26	6	20
27	7	16
28	7	13
29	7	14
30	7	15
31	8	1
32	8	2
33	8	26
34	8	27
35	8	28
36	8	29
37	9	32
38	9	13
39	9	16
40	9	21
41	9	23
42	9	24
43	9	30
44	9	31
45	10	34
46	10	35
47	10	36
48	11	38
49	11	39
50	11	40
51	11	41
52	11	42
53	12	4
54	12	44
55	12	47
56	12	17
57	12	18
58	12	19
59	12	20
60	13	2
61	13	3
62	13	43
63	13	56
64	13	57
65	14	66
66	14	4
67	14	6
68	14	44
69	14	78
70	14	86
71	14	58
72	15	1
73	15	104
74	15	11
75	15	12
76	15	114
77	15	115
78	15	116
79	15	60
80	38	96
81	38	171
82	38	14
83	38	15
84	38	48
85	38	179
86	38	180
87	38	21
88	38	95
89	37	8
90	37	9
91	37	10
92	37	114
93	37	115
94	37	116
95	37	87
96	9	188
97	36	170
98	36	142
99	36	143
100	36	212
101	36	84
102	36	213
103	35	2
104	35	130
105	35	81
106	35	82
107	35	83
108	34	198
109	34	199
110	34	234
111	34	235
112	34	173
113	34	239
114	34	211
115	34	245
116	16	68
117	16	69
118	16	71
119	16	72
120	16	16
121	16	48
122	16	244
123	16	21
124	16	22
125	16	23
126	16	24
127	24	1
128	24	2
129	24	3
130	24	56
131	24	57
132	24	252
133	33	39
134	33	40
135	33	41
136	33	42
137	33	52
138	33	53
139	33	54
140	33	87
141	33	88
142	25	4
143	25	5
144	25	6
145	25	260
146	25	17
147	25	18
148	25	19
149	25	20
150	25	91
151	25	92
152	25	93
153	25	94
154	26	192
155	26	1
156	26	193
157	26	194
158	26	7
159	26	8
160	26	9
161	26	10
162	26	11
163	26	12
164	26	114
165	26	115
166	26	116
167	26	210
168	26	25
169	26	123
170	26	60
171	30	261
172	30	70
173	30	71
174	30	72
175	30	262
176	30	263
177	30	177
178	30	178
179	30	179
180	30	180
181	30	151
182	30	152
183	30	153
184	30	124
185	29	67
186	29	68
187	29	261
188	29	70
189	29	71
190	29	72
191	29	262
192	29	263
193	29	13
194	29	21
195	29	22
196	29	23
197	29	24
198	27	261
199	27	262
200	27	263
201	27	13
202	27	14
203	27	15
204	27	16
205	27	179
206	27	180
207	27	244
208	27	220
209	28	64
210	28	66
211	28	5
212	28	198
213	28	199
214	28	78
215	28	17
216	28	18
217	28	19
218	28	20
219	28	94
\.


--
-- TOC entry 4949 (class 0 OID 42629)
-- Dependencies: 221
-- Data for Name: Tags; Type: TABLE DATA; Schema: public; Owner: postgres
--

COPY public."Tags" (tag_id, tag_name) FROM stdin;
1	Programming
2	Computer Science
3	Algorithms
4	Networking
5	Computer Networks
6	Internet
7	Web Development
8	HTML
9	CSS
10	JavaScript
11	Frontend
12	Backend
13	Machine Learning
14	Deep Learning
15	Neural Networks
16	Artificial Intelligence
17	Cybersecurity
18	Security
19	Encryption
20	Data Protection
21	NLP
22	Text Processing
23	Language Understanding
24	Machine Translation
25	Databases
26	SQL
27	NoSQL
28	Relational Databases
29	Database Design
30	Robotics
31	Automation
32	Machine Vision
33	Control Systems
34	Quantum Computing
35	Quantum Mechanics
36	Quantum Algorithms
37	Quantum Cryptography
38	App Development
39	Android
40	iOS
41	React Native
42	Mobile UI/UX
43	Advanced Programming
44	Advanced Networking
45	Advanced Web Design
46	Advanced Machine Learning
47	Advanced Cybersecurity
48	Advanced NLP
49	Advanced SQL
50	Advanced Robotics
51	Quantum Algorithms
52	iOS App Development
53	Android App Development
54	Flutter
55	Advanced Penetration Testing
56	Data Structures
57	Problem Solving
58	Firewalls
59	Intrusion Detection Systems
60	Full Stack Development
61	Supervised Learning
62	Unsupervised Learning
63	Reinforcement Learning
64	Information Assurance
65	Risk Management
66	Security Policies
67	Text Mining
68	Sentiment Analysis
69	Named Entity Recognition
70	ETL Processes
71	Data Modeling
72	OLAP
73	Humanoid Robot Design
74	Human-Robot Interaction
75	Quantum Key Distribution
76	Post-Quantum Cryptography
77	Cross-Platform Development
78	Network Security Policies
79	Incident Response
80	Forensics
81	Memory Management
82	Process Scheduling
83	File Systems
84	Cloud Computing
85	Virtualization
86	Cloud Security
87	Responsive UI Design
88	Mobile-First Development
89	Markov Decision Processes
90	Q-Learning
91	Policy Gradients
92	Threat Detection
93	Threat Analysis
94	Security Incident Response
95	Neural Machine Translation
96	Statistical Machine Translation
97	Document Databases
98	Graph Databases
99	Key-Value Stores
100	Self-Driving Cars
101	Autonomous Navigation
102	Vehicle Control Systems
103	Service Workers
104	Web App Manifests
105	Offline Support
106	Mobile Device Management
107	Mobile Threat Defense
108	Rendering Techniques
109	Computer Animation
110	3D Modeling
111	Wi-Fi Networks
112	Cellular Networks
113	Wireless Security
114	React
115	Angular
116	Vue.js
117	GANs
118	Deep Generative Models
119	Conditional GANs
120	GDPR
121	CCPA
122	Data Protection Regulations
123	Search Engines
124	Information Extraction
125	Text Indexing
126	Blockchain Technology
127	Distributed Ledger
128	DApps
129	Collaborative Robotics
130	Task Allocation
131	Robot-Human Interaction
132	Quantum Key Distribution Protocols
133	Quantum Cryptanalysis
134	AR Development
135	Unity Development
136	Vuforia
137	Cloud Security Architecture
138	Identity and Access Management
139	Software Development Life Cycle
140	Agile Methodology
141	Software Testing
142	Packet Analysis
143	Network Traffic Analysis
144	SPA Development
145	RNNs
146	LSTM
147	GRU
148	Sequence Modeling
149	SOC Monitoring
150	Threat Hunting
151	Opinion Mining
152	Subjectivity Analysis
153	Hadoop
154	Spark
155	Big Data Processing
156	Bio-Inspired Robotics
157	Biomimicry
158	Robotic Exoskeletons
159	Quantum Entanglement
160	Quantum Superposition
161	VR Development
162	Unity
163	360-degree Videos
164	Wireless Security Protocols
165	802.11 Security
166	Cloud Deployment Models
167	Cloud Service Models
168	SDN
169	OpenFlow
170	Network Virtualization
171	CNNs
172	Image Recognition
173	Threat Hunting
174	Indicator of Compromise
175	IOC Analysis
176	NER Systems
177	Entity Extraction
178	Association Rule Mining
179	Clustering
180	Classification
181	Robotic Assistive Technologies
182	Quantum Computing Algorithms
183	Quantum Simulations
184	Game Design
185	Mobile Gaming Platforms
186	Wi-Fi Penetration Testing
187	Bluetooth Hacking
188	AI
189	IoT
190	Smart Devices
191	Embedded Systems
192	Node.js
193	Django
194	Spring Boot
195	Object Detection
196	Image Segmentation
197	Feature Extraction
198	Cyber Incident Response
199	Security Breach Management
200	Text Summarization
201	Document Understanding
202	Flexible Robotics
203	Soft Grippers
204	Soft Actuators
205	Quantum Neural Networks
206	Quantum Data Processing
207	Mobile App Security Testing
208	Secure Mobile Development
209	SIEM Solutions
210	Log Management
211	Security Analytics
212	Cloud Security Controls
213	Cloud Compliance Frameworks
214	VPN Protocols
215	VPN Encryption
216	Remote Access VPNs
217	Serverless Computing
218	Function as a Service (FaaS)
219	Transfer Learning Techniques
220	Pre-trained Models
221	Security Frameworks
222	Security Models
223	Security Patterns
224	Text Generation
225	Conversational Agents
226	Privacy-Enhancing Technologies
227	Privacy by Design
228	Industrial Robotics
229	Medical Robotics
230	Space Robotics
231	Quantum-Safe Cryptography
232	Quantum-Resistant Algorithms
233	PWA Development
234	Pen Testing Tools
235	Vulnerability Scanning
236	QA Processes
237	Test Automation
238	Quality Metrics
239	Network Automation Tools
240	Python for Network Automation
241	Jekyll
242	Hugo
243	Gatsby
244	NLP with Deep Learning
245	Security Policies
246	Compliance Frameworks
247	Conversational AI
248	Chatbots
249	Virtual Assistants
250	Elasticsearch
251	Kafka
252	Swarm Algorithms
253	Collective Robotics
254	Multi-Robot Systems
255	Quantum Circuit Simulations
256	Quantum Algorithm Simulators
257	Mobile UI/UX Principles
258	Responsive Design
259	OWASP Top 10
260	Vulnerability Assessment
261	data analysis
262	data preprocessing
263	data preperation
\.


--
-- TOC entry 4955 (class 0 OID 42649)
-- Dependencies: 227
-- Data for Name: UserResourceInteraction; Type: TABLE DATA; Schema: public; Owner: postgres
--

COPY public."UserResourceInteraction" (id, rating, resource_id, user_id) FROM stdin;
\.


--
-- TOC entry 4961 (class 0 OID 42709)
-- Dependencies: 233
-- Data for Name: auth_group; Type: TABLE DATA; Schema: public; Owner: postgres
--

COPY public.auth_group (id, name) FROM stdin;
\.


--
-- TOC entry 4963 (class 0 OID 42717)
-- Dependencies: 235
-- Data for Name: auth_group_permissions; Type: TABLE DATA; Schema: public; Owner: postgres
--

COPY public.auth_group_permissions (id, group_id, permission_id) FROM stdin;
\.


--
-- TOC entry 4959 (class 0 OID 42703)
-- Dependencies: 231
-- Data for Name: auth_permission; Type: TABLE DATA; Schema: public; Owner: postgres
--

COPY public.auth_permission (id, name, content_type_id, codename) FROM stdin;
1	Can add log entry	1	add_logentry
2	Can change log entry	1	change_logentry
3	Can delete log entry	1	delete_logentry
4	Can view log entry	1	view_logentry
5	Can add permission	2	add_permission
6	Can change permission	2	change_permission
7	Can delete permission	2	delete_permission
8	Can view permission	2	view_permission
9	Can add group	3	add_group
10	Can change group	3	change_group
11	Can delete group	3	delete_group
12	Can view group	3	view_group
13	Can add content type	4	add_contenttype
14	Can change content type	4	change_contenttype
15	Can delete content type	4	delete_contenttype
16	Can view content type	4	view_contenttype
17	Can add session	5	add_session
18	Can change session	5	change_session
19	Can delete session	5	delete_session
20	Can view session	5	view_session
21	Can add users	6	add_users
22	Can change users	6	change_users
23	Can delete users	6	delete_users
24	Can view users	6	view_users
25	Can add tags	7	add_tags
26	Can change tags	7	change_tags
27	Can delete tags	7	delete_tags
28	Can view tags	7	view_tags
29	Can add resources	8	add_resources
30	Can change resources	8	change_resources
31	Can delete resources	8	delete_resources
32	Can view resources	8	view_resources
33	Can add user resource interaction	9	add_userresourceinteraction
34	Can change user resource interaction	9	change_userresourceinteraction
35	Can delete user resource interaction	9	delete_userresourceinteraction
36	Can view user resource interaction	9	view_userresourceinteraction
\.


--
-- TOC entry 4957 (class 0 OID 42682)
-- Dependencies: 229
-- Data for Name: django_admin_log; Type: TABLE DATA; Schema: public; Owner: postgres
--

COPY public.django_admin_log (id, action_time, object_id, object_repr, action_flag, change_message, content_type_id, user_id) FROM stdin;
1	2024-03-01 15:22:02.762542+05:45	39	test(39)	1	[{"added": {}}]	8	1
2	2024-03-01 15:29:12.789942+05:45	39	test(39)	3		8	1
3	2024-03-01 15:30:58.325415+05:45	40	test(40)	1	[{"added": {}}]	8	1
4	2024-03-01 15:31:25.703771+05:45	40	test(40)	3		8	1
5	2024-03-01 15:33:13.207512+05:45	2	Introduction to Computer Science(2)	2	[{"changed": {"fields": ["Tags"]}}]	8	1
6	2024-03-01 15:33:31.739461+05:45	3	Computer Networking Fundamentals(3)	2	[{"changed": {"fields": ["Tags"]}}]	8	1
7	2024-03-01 15:34:20.249622+05:45	4	Web Development Basics(4)	2	[{"changed": {"fields": ["Tags"]}}]	8	1
8	2024-03-01 15:34:38.378713+05:45	5	Deep Learning Fundamentals(5)	2	[{"changed": {"fields": ["Tags"]}}]	8	1
9	2024-03-01 15:35:00.610958+05:45	6	Computer Security Fundamentals(6)	2	[{"changed": {"fields": ["Tags"]}}]	8	1
10	2024-03-01 16:47:15.62781+05:45	7	Natural Language Processing(7)	2	[{"changed": {"fields": ["Tags"]}}]	8	1
11	2024-03-01 16:47:52.473007+05:45	8	Database Management Systems(8)	2	[{"changed": {"fields": ["Tags"]}}]	8	1
12	2024-03-01 16:48:24.33664+05:45	9	Robotics and Automation(9)	2	[{"changed": {"fields": ["Tags"]}}]	8	1
13	2024-03-01 16:49:12.795002+05:45	10	Quantum Computing Basics(10)	2	[{"changed": {"fields": ["Tags"]}}]	8	1
14	2024-03-01 16:49:34.677665+05:45	11	Mobile App Development(11)	2	[{"changed": {"fields": ["Tags"]}}]	8	1
15	2024-03-01 16:50:32.169087+05:45	12	Ethical Hacking Techniques(12)	2	[{"changed": {"fields": ["Tags"]}}]	8	1
16	2024-03-01 16:53:32.060731+05:45	13	Advanced Computer Science(13)	2	[{"changed": {"fields": ["Tags"]}}]	8	1
17	2024-03-01 16:54:13.199566+05:45	14	Advanced Computer Networking(14)	2	[{"changed": {"fields": ["Tags"]}}]	8	1
18	2024-03-01 16:56:01.359399+05:45	15	Advanced Web Development(15)	2	[{"changed": {"fields": ["Tags"]}}]	8	1
19	2024-03-01 16:58:37.939343+05:45	38	Deep Reinforcement Learning(38)	2	[{"changed": {"fields": ["Tags"]}}]	8	1
20	2024-03-01 17:02:16.160502+05:45	37	Responsive Web Design(37)	2	[]	8	1
21	2024-03-01 17:05:41.867112+05:45	37	Responsive Web Design(37)	2	[{"changed": {"fields": ["Tags"]}}]	8	1
22	2024-03-01 17:06:06.945218+05:45	9	Robotics and Automation(9)	2	[{"changed": {"fields": ["Tags"]}}]	8	1
23	2024-03-01 17:19:01.881281+05:45	36	Cloud Networking(36)	2	[{"changed": {"fields": ["Tags"]}}]	8	1
24	2024-03-01 17:34:24.445794+05:45	35	Operating Systems(35)	2	[{"changed": {"fields": ["Tags"]}}]	8	1
25	2024-03-01 18:51:28.314146+05:45	34	Network Security Management(34)	2	[{"changed": {"fields": ["Tags"]}}]	8	1
26	2024-03-01 18:57:00.390404+05:45	16	Advanced Deep Learning(16)	2	[{"changed": {"fields": ["Tags"]}}]	8	1
27	2024-03-01 18:57:41.949785+05:45	23	Advanced Ethical Hacking(23)	3		8	1
28	2024-03-01 18:57:41.966752+05:45	22	Advanced Mobile App Development(22)	3		8	1
29	2024-03-01 18:57:41.983274+05:45	21	Advanced Quantum Computing(21)	3		8	1
30	2024-03-01 18:57:41.983274+05:45	20	Advanced Robotics and Automation(20)	3		8	1
31	2024-03-01 18:57:41.983274+05:45	19	Advanced Database Management Systems(19)	3		8	1
32	2024-03-01 18:57:41.983274+05:45	18	Advanced Natural Language Processing(18)	3		8	1
33	2024-03-01 18:57:41.983274+05:45	17	Advanced Computer Security(17)	3		8	1
34	2024-03-01 19:00:28.36144+05:45	24	Data Structures and Algorithms(24)	2	[{"changed": {"fields": ["Tags"]}}]	8	1
35	2024-03-01 19:27:41.863794+05:45	33	Cross-Platform Mobile App Development(33)	2	[{"changed": {"fields": ["Tags"]}}]	8	1
36	2024-03-01 19:28:19.508838+05:45	32	Quantum Cryptography(32)	3		8	1
37	2024-03-01 19:29:28.51687+05:45	25	Network Security(25)	2	[{"changed": {"fields": ["Tags"]}}]	8	1
38	2024-03-01 19:33:09.717376+05:45	26	Full Stack Web Development(26)	2	[{"changed": {"fields": ["Tags"]}}]	8	1
39	2024-03-01 19:33:37.514437+05:45	31	Humanoid Robotics(31)	3		8	1
40	2024-03-01 19:36:19.146648+05:45	30	Data Warehousing and Business Intelligence(30)	2	[{"changed": {"fields": ["Tags"]}}]	8	1
41	2024-03-01 19:40:30.276137+05:45	29	Text Analytics(29)	2	[{"changed": {"fields": ["Tags"]}}]	8	1
42	2024-03-01 19:55:57.01414+05:45	27	Machine Learning(27)	2	[{"changed": {"fields": ["Tags"]}}]	8	1
43	2024-03-01 19:58:12.197632+05:45	28	Information Security(28)	2	[{"changed": {"fields": ["Tags"]}}]	8	1
\.


--
-- TOC entry 4946 (class 0 OID 42612)
-- Dependencies: 218
-- Data for Name: django_content_type; Type: TABLE DATA; Schema: public; Owner: postgres
--

COPY public.django_content_type (id, app_label, model) FROM stdin;
1	admin	logentry
2	auth	permission
3	auth	group
4	contenttypes	contenttype
5	sessions	session
6	api	users
7	api	tags
8	api	resources
9	api	userresourceinteraction
\.


--
-- TOC entry 4944 (class 0 OID 42604)
-- Dependencies: 216
-- Data for Name: django_migrations; Type: TABLE DATA; Schema: public; Owner: postgres
--

COPY public.django_migrations (id, app, name, applied) FROM stdin;
1	contenttypes	0001_initial	2024-03-01 13:45:24.348372+05:45
2	api	0001_initial	2024-03-01 13:45:24.442081+05:45
3	admin	0001_initial	2024-03-01 13:45:24.488981+05:45
4	admin	0002_logentry_remove_auto_add	2024-03-01 13:45:24.488981+05:45
5	admin	0003_logentry_add_action_flag_choices	2024-03-01 13:45:24.504589+05:45
6	contenttypes	0002_remove_content_type_name	2024-03-01 13:45:24.504589+05:45
7	auth	0001_initial	2024-03-01 13:45:24.598645+05:45
8	auth	0002_alter_permission_name_max_length	2024-03-01 13:45:24.598645+05:45
9	auth	0003_alter_user_email_max_length	2024-03-01 13:45:24.614174+05:45
10	auth	0004_alter_user_username_opts	2024-03-01 13:45:24.614174+05:45
11	auth	0005_alter_user_last_login_null	2024-03-01 13:45:24.614174+05:45
12	auth	0006_require_contenttypes_0002	2024-03-01 13:45:24.630477+05:45
13	auth	0007_alter_validators_add_error_messages	2024-03-01 13:45:24.630477+05:45
14	auth	0008_alter_user_username_max_length	2024-03-01 13:45:24.630477+05:45
15	auth	0009_alter_user_last_name_max_length	2024-03-01 13:45:24.645513+05:45
16	auth	0010_alter_group_name_max_length	2024-03-01 13:45:24.645513+05:45
17	auth	0011_update_proxy_permissions	2024-03-01 13:45:24.661147+05:45
18	auth	0012_alter_user_first_name_max_length	2024-03-01 13:45:24.661147+05:45
19	sessions	0001_initial	2024-03-01 13:45:24.692398+05:45
20	api	0002_alter_resources_tags	2024-03-01 15:28:12.936417+05:45
\.


--
-- TOC entry 4964 (class 0 OID 42748)
-- Dependencies: 236
-- Data for Name: django_session; Type: TABLE DATA; Schema: public; Owner: postgres
--

COPY public.django_session (session_key, session_data, expire_date) FROM stdin;
qla1cl6lthngflf3gloslrn5cddjc7ii	.eJxVjEEOwiAQAP_C2ZDCAmU9eu8byJZdbNXQpLQn499Nkx70OjOZt0q0b1Pam6xpZnVVRl1-2Uj5KfUQ_KB6X3Re6rbOoz4Sfdqmh4XldTvbv8FEbTq2JhI7B4xeekCyfbHIgMWIZwid9SjCAUPJJfQxgjHQ-RCd6wA9kPp8AcdqNqE:1rfxqB:tDmXNh7XkY2plubp2Z1zUNulrPK6y9SKChX5qLopW28	2024-03-15 13:46:59.195941+05:45
oww3e4f0lqdt88ksjx23zki8opf01i05	.eJxVjEEOwiAQAP_C2ZDCAmU9eu8byJZdbNXQpLQn499Nkx70OjOZt0q0b1Pam6xpZnVVRl1-2Uj5KfUQ_KB6X3Re6rbOoz4Sfdqmh4XldTvbv8FEbTq2JhI7B4xeekCyfbHIgMWIZwid9SjCAUPJJfQxgjHQ-RCd6wA9kPp8AcdqNqE:1rfzVZ:Pqq69mfWFjU3AYDOBm9Kb5WO-WmL_v_igCeiRu8MLtc	2024-03-15 15:33:49.288522+05:45
\.


--
-- TOC entry 4947 (class 0 OID 42619)
-- Dependencies: 219
-- Data for Name: users; Type: TABLE DATA; Schema: public; Owner: postgres
--

COPY public.users (id, password, date_joined, last_login, email, first_name, last_name, age, address, phone_number, is_active, is_admin, is_staff, profile_pic) FROM stdin;
1	pbkdf2_sha256$720000$sVUNoCRMhFsoR36S1ex11g$AZUT0Jd5Bxsv0Z7KaR4J9rZEr2ng5qo38nnU9qBMUWc=	2024-03-01 13:46:39.385536+05:45	2024-03-01 15:33:49.268552+05:45	admin@admin.com	ad	min	12	ktm	999	t	t	t	/upload/profile_pic/default/Default-Profile-Picture-Transparent-Image.png
\.


--
-- TOC entry 4971 (class 0 OID 0)
-- Dependencies: 222
-- Name: Resources_resource_id_seq; Type: SEQUENCE SET; Schema: public; Owner: postgres
--

SELECT pg_catalog.setval('public."Resources_resource_id_seq"', 40, true);


--
-- TOC entry 4972 (class 0 OID 0)
-- Dependencies: 224
-- Name: Resources_tags_id_seq; Type: SEQUENCE SET; Schema: public; Owner: postgres
--

SELECT pg_catalog.setval('public."Resources_tags_id_seq"', 219, true);


--
-- TOC entry 4973 (class 0 OID 0)
-- Dependencies: 220
-- Name: Tags_tag_id_seq; Type: SEQUENCE SET; Schema: public; Owner: postgres
--

SELECT pg_catalog.setval('public."Tags_tag_id_seq"', 263, true);


--
-- TOC entry 4974 (class 0 OID 0)
-- Dependencies: 226
-- Name: UserResourceInteraction_id_seq; Type: SEQUENCE SET; Schema: public; Owner: postgres
--

SELECT pg_catalog.setval('public."UserResourceInteraction_id_seq"', 1, false);


--
-- TOC entry 4975 (class 0 OID 0)
-- Dependencies: 232
-- Name: auth_group_id_seq; Type: SEQUENCE SET; Schema: public; Owner: postgres
--

SELECT pg_catalog.setval('public.auth_group_id_seq', 1, false);


--
-- TOC entry 4976 (class 0 OID 0)
-- Dependencies: 234
-- Name: auth_group_permissions_id_seq; Type: SEQUENCE SET; Schema: public; Owner: postgres
--

SELECT pg_catalog.setval('public.auth_group_permissions_id_seq', 1, false);


--
-- TOC entry 4977 (class 0 OID 0)
-- Dependencies: 230
-- Name: auth_permission_id_seq; Type: SEQUENCE SET; Schema: public; Owner: postgres
--

SELECT pg_catalog.setval('public.auth_permission_id_seq', 36, true);


--
-- TOC entry 4978 (class 0 OID 0)
-- Dependencies: 228
-- Name: django_admin_log_id_seq; Type: SEQUENCE SET; Schema: public; Owner: postgres
--

SELECT pg_catalog.setval('public.django_admin_log_id_seq', 43, true);


--
-- TOC entry 4979 (class 0 OID 0)
-- Dependencies: 217
-- Name: django_content_type_id_seq; Type: SEQUENCE SET; Schema: public; Owner: postgres
--

SELECT pg_catalog.setval('public.django_content_type_id_seq', 9, true);


--
-- TOC entry 4980 (class 0 OID 0)
-- Dependencies: 215
-- Name: django_migrations_id_seq; Type: SEQUENCE SET; Schema: public; Owner: postgres
--

SELECT pg_catalog.setval('public.django_migrations_id_seq', 20, true);


--
-- TOC entry 4756 (class 2606 OID 42641)
-- Name: Resources Resources_pkey; Type: CONSTRAINT; Schema: public; Owner: postgres
--

ALTER TABLE ONLY public."Resources"
    ADD CONSTRAINT "Resources_pkey" PRIMARY KEY (resource_id);


--
-- TOC entry 4758 (class 2606 OID 42647)
-- Name: Resources_tags Resources_tags_pkey; Type: CONSTRAINT; Schema: public; Owner: postgres
--

ALTER TABLE ONLY public."Resources_tags"
    ADD CONSTRAINT "Resources_tags_pkey" PRIMARY KEY (id);


--
-- TOC entry 4761 (class 2606 OID 42656)
-- Name: Resources_tags Resources_tags_resources_id_tags_id_61c340bb_uniq; Type: CONSTRAINT; Schema: public; Owner: postgres
--

ALTER TABLE ONLY public."Resources_tags"
    ADD CONSTRAINT "Resources_tags_resources_id_tags_id_61c340bb_uniq" UNIQUE (resources_id, tags_id);


--
-- TOC entry 4754 (class 2606 OID 42633)
-- Name: Tags Tags_pkey; Type: CONSTRAINT; Schema: public; Owner: postgres
--

ALTER TABLE ONLY public."Tags"
    ADD CONSTRAINT "Tags_pkey" PRIMARY KEY (tag_id);


--
-- TOC entry 4764 (class 2606 OID 42653)
-- Name: UserResourceInteraction UserResourceInteraction_pkey; Type: CONSTRAINT; Schema: public; Owner: postgres
--

ALTER TABLE ONLY public."UserResourceInteraction"
    ADD CONSTRAINT "UserResourceInteraction_pkey" PRIMARY KEY (id);


--
-- TOC entry 4778 (class 2606 OID 42746)
-- Name: auth_group auth_group_name_key; Type: CONSTRAINT; Schema: public; Owner: postgres
--

ALTER TABLE ONLY public.auth_group
    ADD CONSTRAINT auth_group_name_key UNIQUE (name);


--
-- TOC entry 4783 (class 2606 OID 42732)
-- Name: auth_group_permissions auth_group_permissions_group_id_permission_id_0cd325b0_uniq; Type: CONSTRAINT; Schema: public; Owner: postgres
--

ALTER TABLE ONLY public.auth_group_permissions
    ADD CONSTRAINT auth_group_permissions_group_id_permission_id_0cd325b0_uniq UNIQUE (group_id, permission_id);


--
-- TOC entry 4786 (class 2606 OID 42721)
-- Name: auth_group_permissions auth_group_permissions_pkey; Type: CONSTRAINT; Schema: public; Owner: postgres
--

ALTER TABLE ONLY public.auth_group_permissions
    ADD CONSTRAINT auth_group_permissions_pkey PRIMARY KEY (id);


--
-- TOC entry 4780 (class 2606 OID 42713)
-- Name: auth_group auth_group_pkey; Type: CONSTRAINT; Schema: public; Owner: postgres
--

ALTER TABLE ONLY public.auth_group
    ADD CONSTRAINT auth_group_pkey PRIMARY KEY (id);


--
-- TOC entry 4773 (class 2606 OID 42723)
-- Name: auth_permission auth_permission_content_type_id_codename_01ab375a_uniq; Type: CONSTRAINT; Schema: public; Owner: postgres
--

ALTER TABLE ONLY public.auth_permission
    ADD CONSTRAINT auth_permission_content_type_id_codename_01ab375a_uniq UNIQUE (content_type_id, codename);


--
-- TOC entry 4775 (class 2606 OID 42707)
-- Name: auth_permission auth_permission_pkey; Type: CONSTRAINT; Schema: public; Owner: postgres
--

ALTER TABLE ONLY public.auth_permission
    ADD CONSTRAINT auth_permission_pkey PRIMARY KEY (id);


--
-- TOC entry 4769 (class 2606 OID 42689)
-- Name: django_admin_log django_admin_log_pkey; Type: CONSTRAINT; Schema: public; Owner: postgres
--

ALTER TABLE ONLY public.django_admin_log
    ADD CONSTRAINT django_admin_log_pkey PRIMARY KEY (id);


--
-- TOC entry 4745 (class 2606 OID 42618)
-- Name: django_content_type django_content_type_app_label_model_76bd3d3b_uniq; Type: CONSTRAINT; Schema: public; Owner: postgres
--

ALTER TABLE ONLY public.django_content_type
    ADD CONSTRAINT django_content_type_app_label_model_76bd3d3b_uniq UNIQUE (app_label, model);


--
-- TOC entry 4747 (class 2606 OID 42616)
-- Name: django_content_type django_content_type_pkey; Type: CONSTRAINT; Schema: public; Owner: postgres
--

ALTER TABLE ONLY public.django_content_type
    ADD CONSTRAINT django_content_type_pkey PRIMARY KEY (id);


--
-- TOC entry 4743 (class 2606 OID 42610)
-- Name: django_migrations django_migrations_pkey; Type: CONSTRAINT; Schema: public; Owner: postgres
--

ALTER TABLE ONLY public.django_migrations
    ADD CONSTRAINT django_migrations_pkey PRIMARY KEY (id);


--
-- TOC entry 4789 (class 2606 OID 42754)
-- Name: django_session django_session_pkey; Type: CONSTRAINT; Schema: public; Owner: postgres
--

ALTER TABLE ONLY public.django_session
    ADD CONSTRAINT django_session_pkey PRIMARY KEY (session_key);


--
-- TOC entry 4750 (class 2606 OID 42627)
-- Name: users users_email_key; Type: CONSTRAINT; Schema: public; Owner: postgres
--

ALTER TABLE ONLY public.users
    ADD CONSTRAINT users_email_key UNIQUE (email);


--
-- TOC entry 4752 (class 2606 OID 42625)
-- Name: users users_pkey; Type: CONSTRAINT; Schema: public; Owner: postgres
--

ALTER TABLE ONLY public.users
    ADD CONSTRAINT users_pkey PRIMARY KEY (id);


--
-- TOC entry 4759 (class 1259 OID 42667)
-- Name: Resources_tags_resources_id_0a318355; Type: INDEX; Schema: public; Owner: postgres
--

CREATE INDEX "Resources_tags_resources_id_0a318355" ON public."Resources_tags" USING btree (resources_id);


--
-- TOC entry 4762 (class 1259 OID 42668)
-- Name: Resources_tags_tags_id_b7746970; Type: INDEX; Schema: public; Owner: postgres
--

CREATE INDEX "Resources_tags_tags_id_b7746970" ON public."Resources_tags" USING btree (tags_id);


--
-- TOC entry 4765 (class 1259 OID 42679)
-- Name: UserResourceInteraction_resource_id_446ae975; Type: INDEX; Schema: public; Owner: postgres
--

CREATE INDEX "UserResourceInteraction_resource_id_446ae975" ON public."UserResourceInteraction" USING btree (resource_id);


--
-- TOC entry 4766 (class 1259 OID 42680)
-- Name: UserResourceInteraction_user_id_a7a63a66; Type: INDEX; Schema: public; Owner: postgres
--

CREATE INDEX "UserResourceInteraction_user_id_a7a63a66" ON public."UserResourceInteraction" USING btree (user_id);


--
-- TOC entry 4776 (class 1259 OID 42747)
-- Name: auth_group_name_a6ea08ec_like; Type: INDEX; Schema: public; Owner: postgres
--

CREATE INDEX auth_group_name_a6ea08ec_like ON public.auth_group USING btree (name varchar_pattern_ops);


--
-- TOC entry 4781 (class 1259 OID 42743)
-- Name: auth_group_permissions_group_id_b120cbf9; Type: INDEX; Schema: public; Owner: postgres
--

CREATE INDEX auth_group_permissions_group_id_b120cbf9 ON public.auth_group_permissions USING btree (group_id);


--
-- TOC entry 4784 (class 1259 OID 42744)
-- Name: auth_group_permissions_permission_id_84c5c92e; Type: INDEX; Schema: public; Owner: postgres
--

CREATE INDEX auth_group_permissions_permission_id_84c5c92e ON public.auth_group_permissions USING btree (permission_id);


--
-- TOC entry 4771 (class 1259 OID 42729)
-- Name: auth_permission_content_type_id_2f476e4b; Type: INDEX; Schema: public; Owner: postgres
--

CREATE INDEX auth_permission_content_type_id_2f476e4b ON public.auth_permission USING btree (content_type_id);


--
-- TOC entry 4767 (class 1259 OID 42700)
-- Name: django_admin_log_content_type_id_c4bce8eb; Type: INDEX; Schema: public; Owner: postgres
--

CREATE INDEX django_admin_log_content_type_id_c4bce8eb ON public.django_admin_log USING btree (content_type_id);


--
-- TOC entry 4770 (class 1259 OID 42701)
-- Name: django_admin_log_user_id_c564eba6; Type: INDEX; Schema: public; Owner: postgres
--

CREATE INDEX django_admin_log_user_id_c564eba6 ON public.django_admin_log USING btree (user_id);


--
-- TOC entry 4787 (class 1259 OID 42756)
-- Name: django_session_expire_date_a5c62663; Type: INDEX; Schema: public; Owner: postgres
--

CREATE INDEX django_session_expire_date_a5c62663 ON public.django_session USING btree (expire_date);


--
-- TOC entry 4790 (class 1259 OID 42755)
-- Name: django_session_session_key_c0390e0f_like; Type: INDEX; Schema: public; Owner: postgres
--

CREATE INDEX django_session_session_key_c0390e0f_like ON public.django_session USING btree (session_key varchar_pattern_ops);


--
-- TOC entry 4748 (class 1259 OID 42654)
-- Name: users_email_0ea73cca_like; Type: INDEX; Schema: public; Owner: postgres
--

CREATE INDEX users_email_0ea73cca_like ON public.users USING btree (email varchar_pattern_ops);


--
-- TOC entry 4791 (class 2606 OID 42657)
-- Name: Resources_tags Resources_tags_resources_id_0a318355_fk_Resources_resource_id; Type: FK CONSTRAINT; Schema: public; Owner: postgres
--

ALTER TABLE ONLY public."Resources_tags"
    ADD CONSTRAINT "Resources_tags_resources_id_0a318355_fk_Resources_resource_id" FOREIGN KEY (resources_id) REFERENCES public."Resources"(resource_id) DEFERRABLE INITIALLY DEFERRED;


--
-- TOC entry 4792 (class 2606 OID 42662)
-- Name: Resources_tags Resources_tags_tags_id_b7746970_fk_Tags_tag_id; Type: FK CONSTRAINT; Schema: public; Owner: postgres
--

ALTER TABLE ONLY public."Resources_tags"
    ADD CONSTRAINT "Resources_tags_tags_id_b7746970_fk_Tags_tag_id" FOREIGN KEY (tags_id) REFERENCES public."Tags"(tag_id) DEFERRABLE INITIALLY DEFERRED;


--
-- TOC entry 4793 (class 2606 OID 42669)
-- Name: UserResourceInteraction UserResourceInteract_resource_id_446ae975_fk_Resources; Type: FK CONSTRAINT; Schema: public; Owner: postgres
--

ALTER TABLE ONLY public."UserResourceInteraction"
    ADD CONSTRAINT "UserResourceInteract_resource_id_446ae975_fk_Resources" FOREIGN KEY (resource_id) REFERENCES public."Resources"(resource_id) DEFERRABLE INITIALLY DEFERRED;


--
-- TOC entry 4794 (class 2606 OID 42674)
-- Name: UserResourceInteraction UserResourceInteraction_user_id_a7a63a66_fk_users_id; Type: FK CONSTRAINT; Schema: public; Owner: postgres
--

ALTER TABLE ONLY public."UserResourceInteraction"
    ADD CONSTRAINT "UserResourceInteraction_user_id_a7a63a66_fk_users_id" FOREIGN KEY (user_id) REFERENCES public.users(id) DEFERRABLE INITIALLY DEFERRED;


--
-- TOC entry 4798 (class 2606 OID 42738)
-- Name: auth_group_permissions auth_group_permissio_permission_id_84c5c92e_fk_auth_perm; Type: FK CONSTRAINT; Schema: public; Owner: postgres
--

ALTER TABLE ONLY public.auth_group_permissions
    ADD CONSTRAINT auth_group_permissio_permission_id_84c5c92e_fk_auth_perm FOREIGN KEY (permission_id) REFERENCES public.auth_permission(id) DEFERRABLE INITIALLY DEFERRED;


--
-- TOC entry 4799 (class 2606 OID 42733)
-- Name: auth_group_permissions auth_group_permissions_group_id_b120cbf9_fk_auth_group_id; Type: FK CONSTRAINT; Schema: public; Owner: postgres
--

ALTER TABLE ONLY public.auth_group_permissions
    ADD CONSTRAINT auth_group_permissions_group_id_b120cbf9_fk_auth_group_id FOREIGN KEY (group_id) REFERENCES public.auth_group(id) DEFERRABLE INITIALLY DEFERRED;


--
-- TOC entry 4797 (class 2606 OID 42724)
-- Name: auth_permission auth_permission_content_type_id_2f476e4b_fk_django_co; Type: FK CONSTRAINT; Schema: public; Owner: postgres
--

ALTER TABLE ONLY public.auth_permission
    ADD CONSTRAINT auth_permission_content_type_id_2f476e4b_fk_django_co FOREIGN KEY (content_type_id) REFERENCES public.django_content_type(id) DEFERRABLE INITIALLY DEFERRED;


--
-- TOC entry 4795 (class 2606 OID 42690)
-- Name: django_admin_log django_admin_log_content_type_id_c4bce8eb_fk_django_co; Type: FK CONSTRAINT; Schema: public; Owner: postgres
--

ALTER TABLE ONLY public.django_admin_log
    ADD CONSTRAINT django_admin_log_content_type_id_c4bce8eb_fk_django_co FOREIGN KEY (content_type_id) REFERENCES public.django_content_type(id) DEFERRABLE INITIALLY DEFERRED;


--
-- TOC entry 4796 (class 2606 OID 42695)
-- Name: django_admin_log django_admin_log_user_id_c564eba6_fk_users_id; Type: FK CONSTRAINT; Schema: public; Owner: postgres
--

ALTER TABLE ONLY public.django_admin_log
    ADD CONSTRAINT django_admin_log_user_id_c564eba6_fk_users_id FOREIGN KEY (user_id) REFERENCES public.users(id) DEFERRABLE INITIALLY DEFERRED;


-- Completed on 2024-03-01 19:58:54

--
-- PostgreSQL database dump complete
--

-- Completed on 2024-03-01 19:58:54

--
-- PostgreSQL database cluster dump complete
--

